{"cameraMode":{"drawMode":0,"name":"Shaded","section":"Shading Mode"},"sceneLighting":true,"audioPlay":false,"sceneViewState":{"m_AlwaysRefresh":false,"showFog":true,"showSkybox":true,"showFlares":true,"showImageEffects":true,"showParticleSystems":true,"showVisualEffectGraphs":true,"m_FxEnabled":true},"in2DMode":false,"pivot":{"x":7.815153121948242,"y":0.5567912459373474,"z":-5.3317108154296879},"rotation":{"x":0.5915699005126953,"y":-0.0019363079918548465,"z":0.0014178587589412928,"w":0.8062635660171509},"size":3.9912595748901369,"orthographic":true}